{
  "SGD": {
    "best_accuracy": [
      0.8573666666666666,
      0.8778833333333333,
      0.8778833333333333,
      0.8787666666666667,
      0.8787666666666667
    ],
    "best_params": [
      [
        25.61748745317731,
        6.702808606840652,
        96.3876934472246,
        0.04091858527150748
      ],
      [
        58.06167478037426,
        3.929532617205837,
        69.30449209662798,
        0.03568219337369706
      ],
      [
        24.527283390401344,
        3.3943116397048305,
        126.4697884956382,
        0.08562512802374221
      ],
      [
        35.18712917361565,
        3.946351381175107,
        170.42916169454026,
        0.013667336687361108
      ],
      [
        62.32686343154266,
        6.513440496520564,
        144.99488137033748,
        0.010512218014028536
      ]
    ],
    "convergence": [
      [
        0.5628597146948179
      ],
      [
        0.470618646879991
      ],
      [
        0.44584040507475536
      ],
      [
        0.4836976039091746
      ],
      [
        0.47766338176727297
      ],
      [
        0.47735550000071525
      ]
    ]
  },
  "Adam": {
    "best_accuracy": [
      0.8520666666666667,
      0.8794166666666667,
      0.8798166666666667,
      0.8820166666666667,
      0.8830833333333332
    ],
    "best_params": [
      [
        18.428229522603388,
        4.461984425053641,
        52.49419606008009,
        0.023843491205272772
      ],
      [
        16.255121934645764,
        3.241341374845275,
        184.72883867767965,
        0.012774294996069639
      ],
      [
        23.338576464813414,
        6.905610400474899,
        146.84130158415405,
        0.0017840326693600544
      ],
      [
        27.16274675502022,
        4.095356557847361,
        98.53538156561405,
        0.0011764196583511194
      ],
      [
        19.807463088899542,
        5.29111506027259,
        129.25254165412622,
        0.0016452292439625097
      ]
    ],
    "convergence": [
      [
        12.757808922259013
      ],
      [
        0.5775805715660255
      ],
      [
        0.4789051571468512
      ],
      [
        0.4297513830423355
      ],
      [
        0.43323166183630624
      ],
      [
        0.42487703694701195
      ]
    ]
  },
  "RMSProp": {
    "best_accuracy": [
      0.6845166666666668,
      0.8420666666666665,
      0.8793333333333333,
      0.8793333333333333,
      0.8793333333333333
    ],
    "best_params": [
      [
        18.428229522603388,
        4.461984425053641,
        52.49419606008009,
        0.023843491205272772
      ],
      [
        16.255121934645764,
        3.241341374845275,
        184.72883867767965,
        0.012774294996069639
      ],
      [
        23.338576464813414,
        6.905610400474899,
        146.84130158415405,
        0.0017840326693600544
      ],
      [
        17.435898144425952,
        5.8778004441429,
        193.30368326054588,
        0.04748710647882577
      ],
      [
        42.32335855904759,
        4.229602772713035,
        148.67362882542986,
        0.002879963618453435
      ]
    ],
    "convergence": [
      [
        4944.785437543646
      ],
      [
        7.301756488025189
      ],
      [
        2.0053388610164324
      ],
      [
        0.5218617422103882
      ],
      [
        129.1392926323811
      ],
      [
        0.6704125279645125
      ]
    ]
  },
  "AdaGrad": {
    "best_accuracy": [
      0.88025,
      0.88025,
      0.88025,
      0.88025,
      0.88025
    ],
    "best_params": [
      [
        22.90380955269069,
        5.59785211913574,
        130.88353961206292,
        0.03324279187526473
      ],
      [
        58.06167478037426,
        3.929532617205837,
        69.30449209662798,
        0.03568219337369706
      ],
      [
        56.97764296290311,
        6.909884389838076,
        103.68009488758682,
        0.0022788505936334903
      ],
      [
        39.0200723293231,
        6.8895907686028135,
        51.549187952208534,
        0.06809973868468704
      ],
      [
        51.81910849252428,
        3.7459547941823708,
        193.40642150785538,
        0.020528343464887962
      ]
    ],
    "convergence": [
      [
        6.084749820641677
      ],
      [
        0.5725267140328885
      ],
      [
        0.8475820775707564
      ],
      [
        0.5027385732690494
      ],
      [
        1.4516783667008082
      ],
      [
        0.7002582876702149
      ]
    ]
  }
}